"TIME","GEO","INDIC_IS","UNIT","IND_TYPE","Value","Flag and Footnotes"
"2008","Belgium","Internet use: interaction with public authorities (last 12 months)","Percentage of individuals","All Individuals","26",""
"2008","Bulgaria","Internet use: interaction with public authorities (last 12 months)","Percentage of individuals","All Individuals","10",""
"2008","Czechia","Internet use: interaction with public authorities (last 12 months)","Percentage of individuals","All Individuals","19",""
"2008","Denmark","Internet use: interaction with public authorities (last 12 months)","Percentage of individuals","All Individuals","49",""
"2008","Germany (until 1990 former territory of the FRG)","Internet use: interaction with public authorities (last 12 months)","Percentage of individuals","All Individuals","44",""
"2008","Estonia","Internet use: interaction with public authorities (last 12 months)","Percentage of individuals","All Individuals","37",""
"2008","Ireland","Internet use: interaction with public authorities (last 12 months)","Percentage of individuals","All Individuals","34",""
"2008","Greece","Internet use: interaction with public authorities (last 12 months)","Percentage of individuals","All Individuals","13",""
"2008","Spain","Internet use: interaction with public authorities (last 12 months)","Percentage of individuals","All Individuals","31",""
"2008","France","Internet use: interaction with public authorities (last 12 months)","Percentage of individuals","All Individuals","48",""
"2008","Croatia","Internet use: interaction with public authorities (last 12 months)","Percentage of individuals","All Individuals","16",""
"2008","Italy","Internet use: interaction with public authorities (last 12 months)","Percentage of individuals","All Individuals","20",""
"2008","Cyprus","Internet use: interaction with public authorities (last 12 months)","Percentage of individuals","All Individuals","18",""
"2008","Latvia","Internet use: interaction with public authorities (last 12 months)","Percentage of individuals","All Individuals","20",""
"2008","Lithuania","Internet use: interaction with public authorities (last 12 months)","Percentage of individuals","All Individuals","22",""
"2008","Luxembourg","Internet use: interaction with public authorities (last 12 months)","Percentage of individuals","All Individuals","60",""
"2008","Hungary","Internet use: interaction with public authorities (last 12 months)","Percentage of individuals","All Individuals","28",""
"2008","Malta","Internet use: interaction with public authorities (last 12 months)","Percentage of individuals","All Individuals","25",""
"2008","Netherlands","Internet use: interaction with public authorities (last 12 months)","Percentage of individuals","All Individuals","61",""
"2008","Austria","Internet use: interaction with public authorities (last 12 months)","Percentage of individuals","All Individuals","51",""
"2008","Poland","Internet use: interaction with public authorities (last 12 months)","Percentage of individuals","All Individuals","22",""
"2008","Portugal","Internet use: interaction with public authorities (last 12 months)","Percentage of individuals","All Individuals","19",""
"2008","Romania","Internet use: interaction with public authorities (last 12 months)","Percentage of individuals","All Individuals",":",""
"2008","Slovenia","Internet use: interaction with public authorities (last 12 months)","Percentage of individuals","All Individuals","35",""
"2008","Slovakia","Internet use: interaction with public authorities (last 12 months)","Percentage of individuals","All Individuals","40",""
"2008","Finland","Internet use: interaction with public authorities (last 12 months)","Percentage of individuals","All Individuals","62",""
"2008","Sweden","Internet use: interaction with public authorities (last 12 months)","Percentage of individuals","All Individuals","59",""
"2008","United Kingdom","Internet use: interaction with public authorities (last 12 months)","Percentage of individuals","All Individuals","40",""
"2008","Iceland","Internet use: interaction with public authorities (last 12 months)","Percentage of individuals","All Individuals","74",""
"2008","Norway","Internet use: interaction with public authorities (last 12 months)","Percentage of individuals","All Individuals","72",""
"2008","North Macedonia","Internet use: interaction with public authorities (last 12 months)","Percentage of individuals","All Individuals","8",""
"2008","Serbia","Internet use: interaction with public authorities (last 12 months)","Percentage of individuals","All Individuals",":",""
"2008","Turkey","Internet use: interaction with public authorities (last 12 months)","Percentage of individuals","All Individuals",":",""
"2009","Belgium","Internet use: interaction with public authorities (last 12 months)","Percentage of individuals","All Individuals","41",""
"2009","Bulgaria","Internet use: interaction with public authorities (last 12 months)","Percentage of individuals","All Individuals","11",""
"2009","Czechia","Internet use: interaction with public authorities (last 12 months)","Percentage of individuals","All Individuals","26",""
"2009","Denmark","Internet use: interaction with public authorities (last 12 months)","Percentage of individuals","All Individuals","73",""
"2009","Germany (until 1990 former territory of the FRG)","Internet use: interaction with public authorities (last 12 months)","Percentage of individuals","All Individuals","48",""
"2009","Estonia","Internet use: interaction with public authorities (last 12 months)","Percentage of individuals","All Individuals","46",""
"2009","Ireland","Internet use: interaction with public authorities (last 12 months)","Percentage of individuals","All Individuals","37",""
"2009","Greece","Internet use: interaction with public authorities (last 12 months)","Percentage of individuals","All Individuals","14",""
"2009","Spain","Internet use: interaction with public authorities (last 12 months)","Percentage of individuals","All Individuals","34",""
"2009","France","Internet use: interaction with public authorities (last 12 months)","Percentage of individuals","All Individuals","47",""
"2009","Croatia","Internet use: interaction with public authorities (last 12 months)","Percentage of individuals","All Individuals","17",""
"2009","Italy","Internet use: interaction with public authorities (last 12 months)","Percentage of individuals","All Individuals","21",""
"2009","Cyprus","Internet use: interaction with public authorities (last 12 months)","Percentage of individuals","All Individuals","24",""
"2009","Latvia","Internet use: interaction with public authorities (last 12 months)","Percentage of individuals","All Individuals","30",""
"2009","Lithuania","Internet use: interaction with public authorities (last 12 months)","Percentage of individuals","All Individuals","22",""
"2009","Luxembourg","Internet use: interaction with public authorities (last 12 months)","Percentage of individuals","All Individuals","66",""
"2009","Hungary","Internet use: interaction with public authorities (last 12 months)","Percentage of individuals","All Individuals","30",""
"2009","Malta","Internet use: interaction with public authorities (last 12 months)","Percentage of individuals","All Individuals","34",""
"2009","Netherlands","Internet use: interaction with public authorities (last 12 months)","Percentage of individuals","All Individuals","61",""
"2009","Austria","Internet use: interaction with public authorities (last 12 months)","Percentage of individuals","All Individuals","49",""
"2009","Poland","Internet use: interaction with public authorities (last 12 months)","Percentage of individuals","All Individuals","25",""
"2009","Portugal","Internet use: interaction with public authorities (last 12 months)","Percentage of individuals","All Individuals","21",""
"2009","Romania","Internet use: interaction with public authorities (last 12 months)","Percentage of individuals","All Individuals","7",""
"2009","Slovenia","Internet use: interaction with public authorities (last 12 months)","Percentage of individuals","All Individuals","35",""
"2009","Slovakia","Internet use: interaction with public authorities (last 12 months)","Percentage of individuals","All Individuals","38",""
"2009","Finland","Internet use: interaction with public authorities (last 12 months)","Percentage of individuals","All Individuals","64",""
"2009","Sweden","Internet use: interaction with public authorities (last 12 months)","Percentage of individuals","All Individuals","65",""
"2009","United Kingdom","Internet use: interaction with public authorities (last 12 months)","Percentage of individuals","All Individuals","48",""
"2009","Iceland","Internet use: interaction with public authorities (last 12 months)","Percentage of individuals","All Individuals","80",""
"2009","Norway","Internet use: interaction with public authorities (last 12 months)","Percentage of individuals","All Individuals","74",""
"2009","North Macedonia","Internet use: interaction with public authorities (last 12 months)","Percentage of individuals","All Individuals","13",""
"2009","Serbia","Internet use: interaction with public authorities (last 12 months)","Percentage of individuals","All Individuals","5",""
"2009","Turkey","Internet use: interaction with public authorities (last 12 months)","Percentage of individuals","All Individuals",":",""
"2010","Belgium","Internet use: interaction with public authorities (last 12 months)","Percentage of individuals","All Individuals","45",""
"2010","Bulgaria","Internet use: interaction with public authorities (last 12 months)","Percentage of individuals","All Individuals","24",""
"2010","Czechia","Internet use: interaction with public authorities (last 12 months)","Percentage of individuals","All Individuals","23",""
"2010","Denmark","Internet use: interaction with public authorities (last 12 months)","Percentage of individuals","All Individuals","78",""
"2010","Germany (until 1990 former territory of the FRG)","Internet use: interaction with public authorities (last 12 months)","Percentage of individuals","All Individuals","50",""
"2010","Estonia","Internet use: interaction with public authorities (last 12 months)","Percentage of individuals","All Individuals","50",""
"2010","Ireland","Internet use: interaction with public authorities (last 12 months)","Percentage of individuals","All Individuals","37",""
"2010","Greece","Internet use: interaction with public authorities (last 12 months)","Percentage of individuals","All Individuals","16",""
"2010","Spain","Internet use: interaction with public authorities (last 12 months)","Percentage of individuals","All Individuals","38",""
"2010","France","Internet use: interaction with public authorities (last 12 months)","Percentage of individuals","All Individuals","57",""
"2010","Croatia","Internet use: interaction with public authorities (last 12 months)","Percentage of individuals","All Individuals","19",""
"2010","Italy","Internet use: interaction with public authorities (last 12 months)","Percentage of individuals","All Individuals","23",""
"2010","Cyprus","Internet use: interaction with public authorities (last 12 months)","Percentage of individuals","All Individuals","25",""
"2010","Latvia","Internet use: interaction with public authorities (last 12 months)","Percentage of individuals","All Individuals","40",""
"2010","Lithuania","Internet use: interaction with public authorities (last 12 months)","Percentage of individuals","All Individuals","24",""
"2010","Luxembourg","Internet use: interaction with public authorities (last 12 months)","Percentage of individuals","All Individuals","67",""
"2010","Hungary","Internet use: interaction with public authorities (last 12 months)","Percentage of individuals","All Individuals","34",""
"2010","Malta","Internet use: interaction with public authorities (last 12 months)","Percentage of individuals","All Individuals","37",""
"2010","Netherlands","Internet use: interaction with public authorities (last 12 months)","Percentage of individuals","All Individuals","64",""
"2010","Austria","Internet use: interaction with public authorities (last 12 months)","Percentage of individuals","All Individuals","51",""
"2010","Poland","Internet use: interaction with public authorities (last 12 months)","Percentage of individuals","All Individuals","28",""
"2010","Portugal","Internet use: interaction with public authorities (last 12 months)","Percentage of individuals","All Individuals","26",""
"2010","Romania","Internet use: interaction with public authorities (last 12 months)","Percentage of individuals","All Individuals","8",""
"2010","Slovenia","Internet use: interaction with public authorities (last 12 months)","Percentage of individuals","All Individuals","44",""
"2010","Slovakia","Internet use: interaction with public authorities (last 12 months)","Percentage of individuals","All Individuals","50",""
"2010","Finland","Internet use: interaction with public authorities (last 12 months)","Percentage of individuals","All Individuals","68",""
"2010","Sweden","Internet use: interaction with public authorities (last 12 months)","Percentage of individuals","All Individuals","68",""
"2010","United Kingdom","Internet use: interaction with public authorities (last 12 months)","Percentage of individuals","All Individuals","48",""
"2010","Iceland","Internet use: interaction with public authorities (last 12 months)","Percentage of individuals","All Individuals","82",""
"2010","Norway","Internet use: interaction with public authorities (last 12 months)","Percentage of individuals","All Individuals","76",""
"2010","North Macedonia","Internet use: interaction with public authorities (last 12 months)","Percentage of individuals","All Individuals","14",""
"2010","Serbia","Internet use: interaction with public authorities (last 12 months)","Percentage of individuals","All Individuals",":",""
"2010","Turkey","Internet use: interaction with public authorities (last 12 months)","Percentage of individuals","All Individuals","11",""
"2011","Belgium","Internet use: interaction with public authorities (last 12 months)","Percentage of individuals","All Individuals","47",""
"2011","Bulgaria","Internet use: interaction with public authorities (last 12 months)","Percentage of individuals","All Individuals","25",""
"2011","Czechia","Internet use: interaction with public authorities (last 12 months)","Percentage of individuals","All Individuals","42",""
"2011","Denmark","Internet use: interaction with public authorities (last 12 months)","Percentage of individuals","All Individuals","81",""
"2011","Germany (until 1990 former territory of the FRG)","Internet use: interaction with public authorities (last 12 months)","Percentage of individuals","All Individuals","50",""
"2011","Estonia","Internet use: interaction with public authorities (last 12 months)","Percentage of individuals","All Individuals","53",""
"2011","Ireland","Internet use: interaction with public authorities (last 12 months)","Percentage of individuals","All Individuals","44",""
"2011","Greece","Internet use: interaction with public authorities (last 12 months)","Percentage of individuals","All Individuals","27",""
"2011","Spain","Internet use: interaction with public authorities (last 12 months)","Percentage of individuals","All Individuals","38",""
"2011","France","Internet use: interaction with public authorities (last 12 months)","Percentage of individuals","All Individuals","57",""
"2011","Croatia","Internet use: interaction with public authorities (last 12 months)","Percentage of individuals","All Individuals","17",""
"2011","Italy","Internet use: interaction with public authorities (last 12 months)","Percentage of individuals","All Individuals","22",""
"2011","Cyprus","Internet use: interaction with public authorities (last 12 months)","Percentage of individuals","All Individuals","29",""
"2011","Latvia","Internet use: interaction with public authorities (last 12 months)","Percentage of individuals","All Individuals","41",""
"2011","Lithuania","Internet use: interaction with public authorities (last 12 months)","Percentage of individuals","All Individuals","29",""
"2011","Luxembourg","Internet use: interaction with public authorities (last 12 months)","Percentage of individuals","All Individuals","60",""
"2011","Hungary","Internet use: interaction with public authorities (last 12 months)","Percentage of individuals","All Individuals","38",""
"2011","Malta","Internet use: interaction with public authorities (last 12 months)","Percentage of individuals","All Individuals","37",""
"2011","Netherlands","Internet use: interaction with public authorities (last 12 months)","Percentage of individuals","All Individuals","62",""
"2011","Austria","Internet use: interaction with public authorities (last 12 months)","Percentage of individuals","All Individuals","51",""
"2011","Poland","Internet use: interaction with public authorities (last 12 months)","Percentage of individuals","All Individuals","28",""
"2011","Portugal","Internet use: interaction with public authorities (last 12 months)","Percentage of individuals","All Individuals","37",""
"2011","Romania","Internet use: interaction with public authorities (last 12 months)","Percentage of individuals","All Individuals","7",""
"2011","Slovenia","Internet use: interaction with public authorities (last 12 months)","Percentage of individuals","All Individuals","46",""
"2011","Slovakia","Internet use: interaction with public authorities (last 12 months)","Percentage of individuals","All Individuals","48",""
"2011","Finland","Internet use: interaction with public authorities (last 12 months)","Percentage of individuals","All Individuals","68",""
"2011","Sweden","Internet use: interaction with public authorities (last 12 months)","Percentage of individuals","All Individuals","74",""
"2011","United Kingdom","Internet use: interaction with public authorities (last 12 months)","Percentage of individuals","All Individuals","40",""
"2011","Iceland","Internet use: interaction with public authorities (last 12 months)","Percentage of individuals","All Individuals","84",""
"2011","Norway","Internet use: interaction with public authorities (last 12 months)","Percentage of individuals","All Individuals","78",""
"2011","North Macedonia","Internet use: interaction with public authorities (last 12 months)","Percentage of individuals","All Individuals",":",""
"2011","Serbia","Internet use: interaction with public authorities (last 12 months)","Percentage of individuals","All Individuals",":",""
"2011","Turkey","Internet use: interaction with public authorities (last 12 months)","Percentage of individuals","All Individuals",":",""
"2012","Belgium","Internet use: interaction with public authorities (last 12 months)","Percentage of individuals","All Individuals","50",""
"2012","Bulgaria","Internet use: interaction with public authorities (last 12 months)","Percentage of individuals","All Individuals","27",""
"2012","Czechia","Internet use: interaction with public authorities (last 12 months)","Percentage of individuals","All Individuals","31",""
"2012","Denmark","Internet use: interaction with public authorities (last 12 months)","Percentage of individuals","All Individuals","83",""
"2012","Germany (until 1990 former territory of the FRG)","Internet use: interaction with public authorities (last 12 months)","Percentage of individuals","All Individuals","51",""
"2012","Estonia","Internet use: interaction with public authorities (last 12 months)","Percentage of individuals","All Individuals","54",""
"2012","Ireland","Internet use: interaction with public authorities (last 12 months)","Percentage of individuals","All Individuals","49",""
"2012","Greece","Internet use: interaction with public authorities (last 12 months)","Percentage of individuals","All Individuals","34",""
"2012","Spain","Internet use: interaction with public authorities (last 12 months)","Percentage of individuals","All Individuals","44",""
"2012","France","Internet use: interaction with public authorities (last 12 months)","Percentage of individuals","All Individuals","61",""
"2012","Croatia","Internet use: interaction with public authorities (last 12 months)","Percentage of individuals","All Individuals","26",""
"2012","Italy","Internet use: interaction with public authorities (last 12 months)","Percentage of individuals","All Individuals","19",""
"2012","Cyprus","Internet use: interaction with public authorities (last 12 months)","Percentage of individuals","All Individuals","30",""
"2012","Latvia","Internet use: interaction with public authorities (last 12 months)","Percentage of individuals","All Individuals","47",""
"2012","Lithuania","Internet use: interaction with public authorities (last 12 months)","Percentage of individuals","All Individuals","36",""
"2012","Luxembourg","Internet use: interaction with public authorities (last 12 months)","Percentage of individuals","All Individuals","61",""
"2012","Hungary","Internet use: interaction with public authorities (last 12 months)","Percentage of individuals","All Individuals","42",""
"2012","Malta","Internet use: interaction with public authorities (last 12 months)","Percentage of individuals","All Individuals","41",""
"2012","Netherlands","Internet use: interaction with public authorities (last 12 months)","Percentage of individuals","All Individuals","67",""
"2012","Austria","Internet use: interaction with public authorities (last 12 months)","Percentage of individuals","All Individuals","53",""
"2012","Poland","Internet use: interaction with public authorities (last 12 months)","Percentage of individuals","All Individuals","32",""
"2012","Portugal","Internet use: interaction with public authorities (last 12 months)","Percentage of individuals","All Individuals","39",""
"2012","Romania","Internet use: interaction with public authorities (last 12 months)","Percentage of individuals","All Individuals","31",""
"2012","Slovenia","Internet use: interaction with public authorities (last 12 months)","Percentage of individuals","All Individuals","48",""
"2012","Slovakia","Internet use: interaction with public authorities (last 12 months)","Percentage of individuals","All Individuals","42",""
"2012","Finland","Internet use: interaction with public authorities (last 12 months)","Percentage of individuals","All Individuals","70",""
"2012","Sweden","Internet use: interaction with public authorities (last 12 months)","Percentage of individuals","All Individuals","78",""
"2012","United Kingdom","Internet use: interaction with public authorities (last 12 months)","Percentage of individuals","All Individuals","43",""
"2012","Iceland","Internet use: interaction with public authorities (last 12 months)","Percentage of individuals","All Individuals","86",""
"2012","Norway","Internet use: interaction with public authorities (last 12 months)","Percentage of individuals","All Individuals","78",""
"2012","North Macedonia","Internet use: interaction with public authorities (last 12 months)","Percentage of individuals","All Individuals","20",""
"2012","Serbia","Internet use: interaction with public authorities (last 12 months)","Percentage of individuals","All Individuals",":",""
"2012","Turkey","Internet use: interaction with public authorities (last 12 months)","Percentage of individuals","All Individuals","20",""
"2013","Belgium","Internet use: interaction with public authorities (last 12 months)","Percentage of individuals","All Individuals","50",""
"2013","Bulgaria","Internet use: interaction with public authorities (last 12 months)","Percentage of individuals","All Individuals","23",""
"2013","Czechia","Internet use: interaction with public authorities (last 12 months)","Percentage of individuals","All Individuals","29",""
"2013","Denmark","Internet use: interaction with public authorities (last 12 months)","Percentage of individuals","All Individuals","85",""
"2013","Germany (until 1990 former territory of the FRG)","Internet use: interaction with public authorities (last 12 months)","Percentage of individuals","All Individuals","49",""
"2013","Estonia","Internet use: interaction with public authorities (last 12 months)","Percentage of individuals","All Individuals","48",""
"2013","Ireland","Internet use: interaction with public authorities (last 12 months)","Percentage of individuals","All Individuals","45",""
"2013","Greece","Internet use: interaction with public authorities (last 12 months)","Percentage of individuals","All Individuals","36",""
"2013","Spain","Internet use: interaction with public authorities (last 12 months)","Percentage of individuals","All Individuals","44",""
"2013","France","Internet use: interaction with public authorities (last 12 months)","Percentage of individuals","All Individuals","60",""
"2013","Croatia","Internet use: interaction with public authorities (last 12 months)","Percentage of individuals","All Individuals","25",""
"2013","Italy","Internet use: interaction with public authorities (last 12 months)","Percentage of individuals","All Individuals","21",""
"2013","Cyprus","Internet use: interaction with public authorities (last 12 months)","Percentage of individuals","All Individuals","30",""
"2013","Latvia","Internet use: interaction with public authorities (last 12 months)","Percentage of individuals","All Individuals","35",""
"2013","Lithuania","Internet use: interaction with public authorities (last 12 months)","Percentage of individuals","All Individuals","34",""
"2013","Luxembourg","Internet use: interaction with public authorities (last 12 months)","Percentage of individuals","All Individuals","56",""
"2013","Hungary","Internet use: interaction with public authorities (last 12 months)","Percentage of individuals","All Individuals","37",""
"2013","Malta","Internet use: interaction with public authorities (last 12 months)","Percentage of individuals","All Individuals","32",""
"2013","Netherlands","Internet use: interaction with public authorities (last 12 months)","Percentage of individuals","All Individuals","79",""
"2013","Austria","Internet use: interaction with public authorities (last 12 months)","Percentage of individuals","All Individuals","54",""
"2013","Poland","Internet use: interaction with public authorities (last 12 months)","Percentage of individuals","All Individuals","23",""
"2013","Portugal","Internet use: interaction with public authorities (last 12 months)","Percentage of individuals","All Individuals","38",""
"2013","Romania","Internet use: interaction with public authorities (last 12 months)","Percentage of individuals","All Individuals","5",""
"2013","Slovenia","Internet use: interaction with public authorities (last 12 months)","Percentage of individuals","All Individuals","52",""
"2013","Slovakia","Internet use: interaction with public authorities (last 12 months)","Percentage of individuals","All Individuals","33",""
"2013","Finland","Internet use: interaction with public authorities (last 12 months)","Percentage of individuals","All Individuals","69",""
"2013","Sweden","Internet use: interaction with public authorities (last 12 months)","Percentage of individuals","All Individuals","78",""
"2013","United Kingdom","Internet use: interaction with public authorities (last 12 months)","Percentage of individuals","All Individuals","41",""
"2013","Iceland","Internet use: interaction with public authorities (last 12 months)","Percentage of individuals","All Individuals","81",""
"2013","Norway","Internet use: interaction with public authorities (last 12 months)","Percentage of individuals","All Individuals","76",""
"2013","North Macedonia","Internet use: interaction with public authorities (last 12 months)","Percentage of individuals","All Individuals","7",""
"2013","Serbia","Internet use: interaction with public authorities (last 12 months)","Percentage of individuals","All Individuals",":",""
"2013","Turkey","Internet use: interaction with public authorities (last 12 months)","Percentage of individuals","All Individuals","19",""
"2014","Belgium","Internet use: interaction with public authorities (last 12 months)","Percentage of individuals","All Individuals","55",""
"2014","Bulgaria","Internet use: interaction with public authorities (last 12 months)","Percentage of individuals","All Individuals","21",""
"2014","Czechia","Internet use: interaction with public authorities (last 12 months)","Percentage of individuals","All Individuals","37",""
"2014","Denmark","Internet use: interaction with public authorities (last 12 months)","Percentage of individuals","All Individuals","84",""
"2014","Germany (until 1990 former territory of the FRG)","Internet use: interaction with public authorities (last 12 months)","Percentage of individuals","All Individuals","53",""
"2014","Estonia","Internet use: interaction with public authorities (last 12 months)","Percentage of individuals","All Individuals","51","b"
"2014","Ireland","Internet use: interaction with public authorities (last 12 months)","Percentage of individuals","All Individuals","51",""
"2014","Greece","Internet use: interaction with public authorities (last 12 months)","Percentage of individuals","All Individuals","45",""
"2014","Spain","Internet use: interaction with public authorities (last 12 months)","Percentage of individuals","All Individuals","49",""
"2014","France","Internet use: interaction with public authorities (last 12 months)","Percentage of individuals","All Individuals","64",""
"2014","Croatia","Internet use: interaction with public authorities (last 12 months)","Percentage of individuals","All Individuals","32",""
"2014","Italy","Internet use: interaction with public authorities (last 12 months)","Percentage of individuals","All Individuals","23",""
"2014","Cyprus","Internet use: interaction with public authorities (last 12 months)","Percentage of individuals","All Individuals","41",""
"2014","Latvia","Internet use: interaction with public authorities (last 12 months)","Percentage of individuals","All Individuals","54",""
"2014","Lithuania","Internet use: interaction with public authorities (last 12 months)","Percentage of individuals","All Individuals","41",""
"2014","Luxembourg","Internet use: interaction with public authorities (last 12 months)","Percentage of individuals","All Individuals","67",""
"2014","Hungary","Internet use: interaction with public authorities (last 12 months)","Percentage of individuals","All Individuals","49",""
"2014","Malta","Internet use: interaction with public authorities (last 12 months)","Percentage of individuals","All Individuals","41",""
"2014","Netherlands","Internet use: interaction with public authorities (last 12 months)","Percentage of individuals","All Individuals","75",""
"2014","Austria","Internet use: interaction with public authorities (last 12 months)","Percentage of individuals","All Individuals","59",""
"2014","Poland","Internet use: interaction with public authorities (last 12 months)","Percentage of individuals","All Individuals","27",""
"2014","Portugal","Internet use: interaction with public authorities (last 12 months)","Percentage of individuals","All Individuals","41",""
"2014","Romania","Internet use: interaction with public authorities (last 12 months)","Percentage of individuals","All Individuals","10","b"
"2014","Slovenia","Internet use: interaction with public authorities (last 12 months)","Percentage of individuals","All Individuals","53",""
"2014","Slovakia","Internet use: interaction with public authorities (last 12 months)","Percentage of individuals","All Individuals","57",""
"2014","Finland","Internet use: interaction with public authorities (last 12 months)","Percentage of individuals","All Individuals","80",""
"2014","Sweden","Internet use: interaction with public authorities (last 12 months)","Percentage of individuals","All Individuals","81",""
"2014","United Kingdom","Internet use: interaction with public authorities (last 12 months)","Percentage of individuals","All Individuals","51",""
"2014","Iceland","Internet use: interaction with public authorities (last 12 months)","Percentage of individuals","All Individuals","85",""
"2014","Norway","Internet use: interaction with public authorities (last 12 months)","Percentage of individuals","All Individuals","82",""
"2014","North Macedonia","Internet use: interaction with public authorities (last 12 months)","Percentage of individuals","All Individuals","27",""
"2014","Serbia","Internet use: interaction with public authorities (last 12 months)","Percentage of individuals","All Individuals",":",""
"2014","Turkey","Internet use: interaction with public authorities (last 12 months)","Percentage of individuals","All Individuals","27",""
"2015","Belgium","Internet use: interaction with public authorities (last 12 months)","Percentage of individuals","All Individuals","52",""
"2015","Bulgaria","Internet use: interaction with public authorities (last 12 months)","Percentage of individuals","All Individuals","18",""
"2015","Czechia","Internet use: interaction with public authorities (last 12 months)","Percentage of individuals","All Individuals","32",""
"2015","Denmark","Internet use: interaction with public authorities (last 12 months)","Percentage of individuals","All Individuals","88",""
"2015","Germany (until 1990 former territory of the FRG)","Internet use: interaction with public authorities (last 12 months)","Percentage of individuals","All Individuals","53",""
"2015","Estonia","Internet use: interaction with public authorities (last 12 months)","Percentage of individuals","All Individuals","81",""
"2015","Ireland","Internet use: interaction with public authorities (last 12 months)","Percentage of individuals","All Individuals","50",""
"2015","Greece","Internet use: interaction with public authorities (last 12 months)","Percentage of individuals","All Individuals","46",""
"2015","Spain","Internet use: interaction with public authorities (last 12 months)","Percentage of individuals","All Individuals","49",""
"2015","France","Internet use: interaction with public authorities (last 12 months)","Percentage of individuals","All Individuals","63",""
"2015","Croatia","Internet use: interaction with public authorities (last 12 months)","Percentage of individuals","All Individuals","35",""
"2015","Italy","Internet use: interaction with public authorities (last 12 months)","Percentage of individuals","All Individuals","24",""
"2015","Cyprus","Internet use: interaction with public authorities (last 12 months)","Percentage of individuals","All Individuals","34",""
"2015","Latvia","Internet use: interaction with public authorities (last 12 months)","Percentage of individuals","All Individuals","52",""
"2015","Lithuania","Internet use: interaction with public authorities (last 12 months)","Percentage of individuals","All Individuals","44",""
"2015","Luxembourg","Internet use: interaction with public authorities (last 12 months)","Percentage of individuals","All Individuals","70",""
"2015","Hungary","Internet use: interaction with public authorities (last 12 months)","Percentage of individuals","All Individuals","42",""
"2015","Malta","Internet use: interaction with public authorities (last 12 months)","Percentage of individuals","All Individuals","42",""
"2015","Netherlands","Internet use: interaction with public authorities (last 12 months)","Percentage of individuals","All Individuals","75",""
"2015","Austria","Internet use: interaction with public authorities (last 12 months)","Percentage of individuals","All Individuals","57",""
"2015","Poland","Internet use: interaction with public authorities (last 12 months)","Percentage of individuals","All Individuals","27",""
"2015","Portugal","Internet use: interaction with public authorities (last 12 months)","Percentage of individuals","All Individuals","43",""
"2015","Romania","Internet use: interaction with public authorities (last 12 months)","Percentage of individuals","All Individuals","11",""
"2015","Slovenia","Internet use: interaction with public authorities (last 12 months)","Percentage of individuals","All Individuals","45",""
"2015","Slovakia","Internet use: interaction with public authorities (last 12 months)","Percentage of individuals","All Individuals","51",""
"2015","Finland","Internet use: interaction with public authorities (last 12 months)","Percentage of individuals","All Individuals","79",""
"2015","Sweden","Internet use: interaction with public authorities (last 12 months)","Percentage of individuals","All Individuals","73",""
"2015","United Kingdom","Internet use: interaction with public authorities (last 12 months)","Percentage of individuals","All Individuals","49",""
"2015","Iceland","Internet use: interaction with public authorities (last 12 months)","Percentage of individuals","All Individuals",":",""
"2015","Norway","Internet use: interaction with public authorities (last 12 months)","Percentage of individuals","All Individuals","81",""
"2015","North Macedonia","Internet use: interaction with public authorities (last 12 months)","Percentage of individuals","All Individuals","23",""
"2015","Serbia","Internet use: interaction with public authorities (last 12 months)","Percentage of individuals","All Individuals","28",""
"2015","Turkey","Internet use: interaction with public authorities (last 12 months)","Percentage of individuals","All Individuals","28",""
"2016","Belgium","Internet use: interaction with public authorities (last 12 months)","Percentage of individuals","All Individuals","55",""
"2016","Bulgaria","Internet use: interaction with public authorities (last 12 months)","Percentage of individuals","All Individuals","19",""
"2016","Czechia","Internet use: interaction with public authorities (last 12 months)","Percentage of individuals","All Individuals","36",""
"2016","Denmark","Internet use: interaction with public authorities (last 12 months)","Percentage of individuals","All Individuals","88",""
"2016","Germany (until 1990 former territory of the FRG)","Internet use: interaction with public authorities (last 12 months)","Percentage of individuals","All Individuals","55",""
"2016","Estonia","Internet use: interaction with public authorities (last 12 months)","Percentage of individuals","All Individuals","77",""
"2016","Ireland","Internet use: interaction with public authorities (last 12 months)","Percentage of individuals","All Individuals","52",""
"2016","Greece","Internet use: interaction with public authorities (last 12 months)","Percentage of individuals","All Individuals","49",""
"2016","Spain","Internet use: interaction with public authorities (last 12 months)","Percentage of individuals","All Individuals","50",""
"2016","France","Internet use: interaction with public authorities (last 12 months)","Percentage of individuals","All Individuals","66",""
"2016","Croatia","Internet use: interaction with public authorities (last 12 months)","Percentage of individuals","All Individuals","36",""
"2016","Italy","Internet use: interaction with public authorities (last 12 months)","Percentage of individuals","All Individuals","24",""
"2016","Cyprus","Internet use: interaction with public authorities (last 12 months)","Percentage of individuals","All Individuals","38",""
"2016","Latvia","Internet use: interaction with public authorities (last 12 months)","Percentage of individuals","All Individuals","69","b"
"2016","Lithuania","Internet use: interaction with public authorities (last 12 months)","Percentage of individuals","All Individuals","45",""
"2016","Luxembourg","Internet use: interaction with public authorities (last 12 months)","Percentage of individuals","All Individuals","76",""
"2016","Hungary","Internet use: interaction with public authorities (last 12 months)","Percentage of individuals","All Individuals","48",""
"2016","Malta","Internet use: interaction with public authorities (last 12 months)","Percentage of individuals","All Individuals","45",""
"2016","Netherlands","Internet use: interaction with public authorities (last 12 months)","Percentage of individuals","All Individuals","76",""
"2016","Austria","Internet use: interaction with public authorities (last 12 months)","Percentage of individuals","All Individuals","60",""
"2016","Poland","Internet use: interaction with public authorities (last 12 months)","Percentage of individuals","All Individuals","30",""
"2016","Portugal","Internet use: interaction with public authorities (last 12 months)","Percentage of individuals","All Individuals","45",""
"2016","Romania","Internet use: interaction with public authorities (last 12 months)","Percentage of individuals","All Individuals","9",""
"2016","Slovenia","Internet use: interaction with public authorities (last 12 months)","Percentage of individuals","All Individuals","45",""
"2016","Slovakia","Internet use: interaction with public authorities (last 12 months)","Percentage of individuals","All Individuals","48",""
"2016","Finland","Internet use: interaction with public authorities (last 12 months)","Percentage of individuals","All Individuals","82",""
"2016","Sweden","Internet use: interaction with public authorities (last 12 months)","Percentage of individuals","All Individuals","78","b"
"2016","United Kingdom","Internet use: interaction with public authorities (last 12 months)","Percentage of individuals","All Individuals","53",""
"2016","Iceland","Internet use: interaction with public authorities (last 12 months)","Percentage of individuals","All Individuals",":",""
"2016","Norway","Internet use: interaction with public authorities (last 12 months)","Percentage of individuals","All Individuals","85",""
"2016","North Macedonia","Internet use: interaction with public authorities (last 12 months)","Percentage of individuals","All Individuals","17",""
"2016","Serbia","Internet use: interaction with public authorities (last 12 months)","Percentage of individuals","All Individuals",":",""
"2016","Turkey","Internet use: interaction with public authorities (last 12 months)","Percentage of individuals","All Individuals","37",""
"2017","Belgium","Internet use: interaction with public authorities (last 12 months)","Percentage of individuals","All Individuals","55",""
"2017","Bulgaria","Internet use: interaction with public authorities (last 12 months)","Percentage of individuals","All Individuals","21",""
"2017","Czechia","Internet use: interaction with public authorities (last 12 months)","Percentage of individuals","All Individuals","46","b"
"2017","Denmark","Internet use: interaction with public authorities (last 12 months)","Percentage of individuals","All Individuals","89",""
"2017","Germany (until 1990 former territory of the FRG)","Internet use: interaction with public authorities (last 12 months)","Percentage of individuals","All Individuals","53",""
"2017","Estonia","Internet use: interaction with public authorities (last 12 months)","Percentage of individuals","All Individuals","78",""
"2017","Ireland","Internet use: interaction with public authorities (last 12 months)","Percentage of individuals","All Individuals","55",""
"2017","Greece","Internet use: interaction with public authorities (last 12 months)","Percentage of individuals","All Individuals","47",""
"2017","Spain","Internet use: interaction with public authorities (last 12 months)","Percentage of individuals","All Individuals","52",""
"2017","France","Internet use: interaction with public authorities (last 12 months)","Percentage of individuals","All Individuals","68",""
"2017","Croatia","Internet use: interaction with public authorities (last 12 months)","Percentage of individuals","All Individuals","32",""
"2017","Italy","Internet use: interaction with public authorities (last 12 months)","Percentage of individuals","All Individuals","25",""
"2017","Cyprus","Internet use: interaction with public authorities (last 12 months)","Percentage of individuals","All Individuals","42",""
"2017","Latvia","Internet use: interaction with public authorities (last 12 months)","Percentage of individuals","All Individuals","69",""
"2017","Lithuania","Internet use: interaction with public authorities (last 12 months)","Percentage of individuals","All Individuals","48",""
"2017","Luxembourg","Internet use: interaction with public authorities (last 12 months)","Percentage of individuals","All Individuals","75",""
"2017","Hungary","Internet use: interaction with public authorities (last 12 months)","Percentage of individuals","All Individuals","47",""
"2017","Malta","Internet use: interaction with public authorities (last 12 months)","Percentage of individuals","All Individuals","46",""
"2017","Netherlands","Internet use: interaction with public authorities (last 12 months)","Percentage of individuals","All Individuals","79",""
"2017","Austria","Internet use: interaction with public authorities (last 12 months)","Percentage of individuals","All Individuals","62",""
"2017","Poland","Internet use: interaction with public authorities (last 12 months)","Percentage of individuals","All Individuals","31",""
"2017","Portugal","Internet use: interaction with public authorities (last 12 months)","Percentage of individuals","All Individuals","46",""
"2017","Romania","Internet use: interaction with public authorities (last 12 months)","Percentage of individuals","All Individuals","9",""
"2017","Slovenia","Internet use: interaction with public authorities (last 12 months)","Percentage of individuals","All Individuals","50",""
"2017","Slovakia","Internet use: interaction with public authorities (last 12 months)","Percentage of individuals","All Individuals","47",""
"2017","Finland","Internet use: interaction with public authorities (last 12 months)","Percentage of individuals","All Individuals","83",""
"2017","Sweden","Internet use: interaction with public authorities (last 12 months)","Percentage of individuals","All Individuals","84","b"
"2017","United Kingdom","Internet use: interaction with public authorities (last 12 months)","Percentage of individuals","All Individuals","49",""
"2017","Iceland","Internet use: interaction with public authorities (last 12 months)","Percentage of individuals","All Individuals","85",""
"2017","Norway","Internet use: interaction with public authorities (last 12 months)","Percentage of individuals","All Individuals","84",""
"2017","North Macedonia","Internet use: interaction with public authorities (last 12 months)","Percentage of individuals","All Individuals","17",""
"2017","Serbia","Internet use: interaction with public authorities (last 12 months)","Percentage of individuals","All Individuals","24",""
"2017","Turkey","Internet use: interaction with public authorities (last 12 months)","Percentage of individuals","All Individuals","42",""
"2018","Belgium","Internet use: interaction with public authorities (last 12 months)","Percentage of individuals","All Individuals","56",""
"2018","Bulgaria","Internet use: interaction with public authorities (last 12 months)","Percentage of individuals","All Individuals","22",""
"2018","Czechia","Internet use: interaction with public authorities (last 12 months)","Percentage of individuals","All Individuals","53","b"
"2018","Denmark","Internet use: interaction with public authorities (last 12 months)","Percentage of individuals","All Individuals","92",""
"2018","Germany (until 1990 former territory of the FRG)","Internet use: interaction with public authorities (last 12 months)","Percentage of individuals","All Individuals","57",""
"2018","Estonia","Internet use: interaction with public authorities (last 12 months)","Percentage of individuals","All Individuals","79",""
"2018","Ireland","Internet use: interaction with public authorities (last 12 months)","Percentage of individuals","All Individuals","54",""
"2018","Greece","Internet use: interaction with public authorities (last 12 months)","Percentage of individuals","All Individuals","50",""
"2018","Spain","Internet use: interaction with public authorities (last 12 months)","Percentage of individuals","All Individuals","57",""
"2018","France","Internet use: interaction with public authorities (last 12 months)","Percentage of individuals","All Individuals","71",""
"2018","Croatia","Internet use: interaction with public authorities (last 12 months)","Percentage of individuals","All Individuals","36",""
"2018","Italy","Internet use: interaction with public authorities (last 12 months)","Percentage of individuals","All Individuals","24",""
"2018","Cyprus","Internet use: interaction with public authorities (last 12 months)","Percentage of individuals","All Individuals","42",""
"2018","Latvia","Internet use: interaction with public authorities (last 12 months)","Percentage of individuals","All Individuals","66",""
"2018","Lithuania","Internet use: interaction with public authorities (last 12 months)","Percentage of individuals","All Individuals","51",""
"2018","Luxembourg","Internet use: interaction with public authorities (last 12 months)","Percentage of individuals","All Individuals","63","b"
"2018","Hungary","Internet use: interaction with public authorities (last 12 months)","Percentage of individuals","All Individuals","53",""
"2018","Malta","Internet use: interaction with public authorities (last 12 months)","Percentage of individuals","All Individuals","47",""
"2018","Netherlands","Internet use: interaction with public authorities (last 12 months)","Percentage of individuals","All Individuals","82",""
"2018","Austria","Internet use: interaction with public authorities (last 12 months)","Percentage of individuals","All Individuals","66",""
"2018","Poland","Internet use: interaction with public authorities (last 12 months)","Percentage of individuals","All Individuals","35",""
"2018","Portugal","Internet use: interaction with public authorities (last 12 months)","Percentage of individuals","All Individuals","42",""
"2018","Romania","Internet use: interaction with public authorities (last 12 months)","Percentage of individuals","All Individuals","9",""
"2018","Slovenia","Internet use: interaction with public authorities (last 12 months)","Percentage of individuals","All Individuals","54",""
"2018","Slovakia","Internet use: interaction with public authorities (last 12 months)","Percentage of individuals","All Individuals","51",""
"2018","Finland","Internet use: interaction with public authorities (last 12 months)","Percentage of individuals","All Individuals","83",""
"2018","Sweden","Internet use: interaction with public authorities (last 12 months)","Percentage of individuals","All Individuals","83",""
"2018","United Kingdom","Internet use: interaction with public authorities (last 12 months)","Percentage of individuals","All Individuals","59",""
"2018","Iceland","Internet use: interaction with public authorities (last 12 months)","Percentage of individuals","All Individuals","91",""
"2018","Norway","Internet use: interaction with public authorities (last 12 months)","Percentage of individuals","All Individuals","90",""
"2018","North Macedonia","Internet use: interaction with public authorities (last 12 months)","Percentage of individuals","All Individuals","21",""
"2018","Serbia","Internet use: interaction with public authorities (last 12 months)","Percentage of individuals","All Individuals","28",""
"2018","Turkey","Internet use: interaction with public authorities (last 12 months)","Percentage of individuals","All Individuals","46",""
"2019","Belgium","Internet use: interaction with public authorities (last 12 months)","Percentage of individuals","All Individuals","59",""
"2019","Bulgaria","Internet use: interaction with public authorities (last 12 months)","Percentage of individuals","All Individuals","25",""
"2019","Czechia","Internet use: interaction with public authorities (last 12 months)","Percentage of individuals","All Individuals","54",""
"2019","Denmark","Internet use: interaction with public authorities (last 12 months)","Percentage of individuals","All Individuals","92",""
"2019","Germany (until 1990 former territory of the FRG)","Internet use: interaction with public authorities (last 12 months)","Percentage of individuals","All Individuals","59",""
"2019","Estonia","Internet use: interaction with public authorities (last 12 months)","Percentage of individuals","All Individuals","80",""
"2019","Ireland","Internet use: interaction with public authorities (last 12 months)","Percentage of individuals","All Individuals","61",""
"2019","Greece","Internet use: interaction with public authorities (last 12 months)","Percentage of individuals","All Individuals","52",""
"2019","Spain","Internet use: interaction with public authorities (last 12 months)","Percentage of individuals","All Individuals","58",""
"2019","France","Internet use: interaction with public authorities (last 12 months)","Percentage of individuals","All Individuals","75",""
"2019","Croatia","Internet use: interaction with public authorities (last 12 months)","Percentage of individuals","All Individuals","33",""
"2019","Italy","Internet use: interaction with public authorities (last 12 months)","Percentage of individuals","All Individuals","23",""
"2019","Cyprus","Internet use: interaction with public authorities (last 12 months)","Percentage of individuals","All Individuals","50",""
"2019","Latvia","Internet use: interaction with public authorities (last 12 months)","Percentage of individuals","All Individuals","70",""
"2019","Lithuania","Internet use: interaction with public authorities (last 12 months)","Percentage of individuals","All Individuals","55",""
"2019","Luxembourg","Internet use: interaction with public authorities (last 12 months)","Percentage of individuals","All Individuals","60",""
"2019","Hungary","Internet use: interaction with public authorities (last 12 months)","Percentage of individuals","All Individuals","53",""
"2019","Malta","Internet use: interaction with public authorities (last 12 months)","Percentage of individuals","All Individuals","50",""
"2019","Netherlands","Internet use: interaction with public authorities (last 12 months)","Percentage of individuals","All Individuals","81",""
"2019","Austria","Internet use: interaction with public authorities (last 12 months)","Percentage of individuals","All Individuals","70",""
"2019","Poland","Internet use: interaction with public authorities (last 12 months)","Percentage of individuals","All Individuals","40",""
"2019","Portugal","Internet use: interaction with public authorities (last 12 months)","Percentage of individuals","All Individuals","41",""
"2019","Romania","Internet use: interaction with public authorities (last 12 months)","Percentage of individuals","All Individuals","12",""
"2019","Slovenia","Internet use: interaction with public authorities (last 12 months)","Percentage of individuals","All Individuals","53",""
"2019","Slovakia","Internet use: interaction with public authorities (last 12 months)","Percentage of individuals","All Individuals","59",""
"2019","Finland","Internet use: interaction with public authorities (last 12 months)","Percentage of individuals","All Individuals","87",""
"2019","Sweden","Internet use: interaction with public authorities (last 12 months)","Percentage of individuals","All Individuals","86","b"
"2019","United Kingdom","Internet use: interaction with public authorities (last 12 months)","Percentage of individuals","All Individuals","63",""
"2019","Iceland","Internet use: interaction with public authorities (last 12 months)","Percentage of individuals","All Individuals","89",""
"2019","Norway","Internet use: interaction with public authorities (last 12 months)","Percentage of individuals","All Individuals","87",""
"2019","North Macedonia","Internet use: interaction with public authorities (last 12 months)","Percentage of individuals","All Individuals","25",""
"2019","Serbia","Internet use: interaction with public authorities (last 12 months)","Percentage of individuals","All Individuals","29",""
"2019","Turkey","Internet use: interaction with public authorities (last 12 months)","Percentage of individuals","All Individuals","51",""
